{
  "api": {
    "welcome": "Welcome to TMSITI API",
    "version": "Version",
    "status": "Status"
  },
  "auth": {
    "login_success": "Login successful",
    "login_failed": "Incorrect username or password",
    "logout_success": "Logout successful",
    "unauthorized": "Unauthorized",
    "forbidden": "Forbidden",
    "token_expired": "Token expired",
    "invalid_token": "Invalid token",
    "registration_success": "Registration successful",
    "user_already_exists": "User already exists",
    "email_already_exists": "Email already exists",
    "weak_password": "Weak password",
    "password_changed": "Password changed",
    "account_activated": "Account activated",
    "account_deactivated": "Account deactivated"
  },
  "user": {
    "profile_updated": "Profile updated",
    "user_not_found": "User not found",
    "user_created": "User created",
    "user_deleted": "User deleted",
    "moderator_created": "Moderator created",
    "cannot_delete_self": "Cannot delete your own account",
    "admin_required": "Admin privileges required",
    "moderator_required": "Moderator or Admin privileges required"
  },
  "content": {
    "news_created": "News created",
    "news_updated": "News updated",
    "news_deleted": "News deleted",
    "news_not_found": "News not found",
    "announcement_created": "Announcement created",
    "announcement_updated": "Announcement updated",
    "announcement_deleted": "Announcement deleted",
    "announcement_not_found": "Announcement not found",
    "content_published": "Content published",
    "content_unpublished": "Content unpublished"
  },
  "regulations": {
    "law_created": "Law created",
    "law_updated": "Law updated",
    "law_deleted": "Law deleted",
    "law_not_found": "Law not found",
    "standard_created": "Standard created",
    "standard_updated": "Standard updated",
    "standard_deleted": "Standard deleted",
    "standard_not_found": "Standard not found",
    "regulation_created": "Regulation created",
    "regulation_updated": "Regulation updated",
    "regulation_not_found": "Regulation not found"
  },
  "institute": {
    "about_updated": "Institute information updated",
    "management_created": "Management member added",
    "management_updated": "Management information updated",
    "management_deleted": "Management member deleted",
    "management_not_found": "Management member not found",
    "division_created": "Division created",
    "division_updated": "Division updated",
    "division_deleted": "Division deleted",
    "division_not_found": "Division not found",
    "vacancy_created": "Vacancy created",
    "vacancy_updated": "Vacancy updated",
    "vacancy_deleted": "Vacancy deleted",
    "vacancy_not_found": "Vacancy not found"
  },
  "contact": {
    "message_sent": "Message sent",
    "message_read": "Message read",
    "message_replied": "Message replied",
    "contact_not_found": "Contact not found",
    "contact_deleted": "Contact deleted",
    "thank_you_message": "Thank you for your inquiry. We will respond to you shortly."
  },
  "file": {
    "upload_success": "File uploaded successfully",
    "upload_failed": "File upload failed",
    "file_too_large": "File size too large",
    "invalid_file_type": "Invalid file type",
    "file_deleted": "File deleted",
    "file_not_found": "File not found",
    "image_uploaded": "Image uploaded",
    "pdf_uploaded": "PDF document uploaded"
  },
  "validation": {
    "required_field": "Required field",
    "invalid_email": "Invalid email address",
    "invalid_phone": "Invalid phone number",
    "min_length": "Minimum length: {min} characters",
    "max_length": "Maximum length: {max} characters",
    "invalid_date": "Invalid date",
    "invalid_url": "Invalid URL address"
  },
  "search": {
    "no_results": "No results found",
    "results_found": "Found {count} results",
    "search_term_too_short": "Search term too short",
    "searching": "Searching..."
  },
  "pagination": {
    "page": "Page",
    "of": "of",
    "previous": "Previous",
    "next": "Next",
    "first": "First",
    "last": "Last",
    "showing": "Showing",
    "to": "to",
    "entries": "entries"
  },
  "common": {
    "save": "Save",
    "cancel": "Cancel",
    "delete": "Delete",
    "edit": "Edit",
    "view": "View",
    "create": "Create",
    "update": "Update",
    "back": "Back",
    "home": "Home",
    "loading": "Loading...",
    "error": "Error",
    "success": "Success",
    "warning": "Warning",
    "info": "Information",
    "confirm": "Confirm",
    "yes": "Yes",
    "no": "No",
    "active": "Active",
    "inactive": "Inactive",
    "published": "Published",
    "draft": "Draft",
    "date": "Date",
    "time": "Time",
    "title": "Title",
    "description": "Description",
    "content": "Content",
    "name": "Name",
    "email": "Email",
    "phone": "Phone",
    "address": "Address",
    "status": "Status",
    "type": "Type",
    "category": "Category",
    "language": "Language",
    "file": "File",
    "image": "Image",
    "document": "Document",
    "link": "Link",
    "more": "More",
    "less": "Less",
    "all": "All",
    "none": "None"
  },
  "menu": {
    "institute": "Institute",
    "normative_documents": "Normative Documents",
    "activity": "Activity",
    "news": "News",
    "contact": "Contact",
    "about": "About Institute",
    "management": "Management",
    "structure": "Organizational Structure",
    "divisions": "Structural Divisions",
    "vacancies": "Vacancies",
    "laws": "Laws, Resolutions and Decrees",
    "urban_norms": "Urban Planning Norms and Rules",
    "standards": "Standards",
    "building_regulations": "Building Regulations",
    "smeta_norms": "Estimated Resource Norms",
    "references": "Reference",
    "management_system": "Management Systems Certification Body",
    "laboratory": "Laboratory",
    "announcements": "Announcements",
    "anti_corruption": "Anti-Corruption"
  },
  "errors": {
    "internal_server_error": "Internal server error",
    "not_found": "Not found",
    "bad_request": "Bad request",
    "unauthorized": "Unauthorized",
    "forbidden": "Forbidden",
    "method_not_allowed": "Method not allowed",
    "too_many_requests": "Too many requests",
    "service_unavailable": "Service unavailable"
  }
}
