{
  "api": {
    "welcome": "Добро пожаловать в API TMSITI",
    "version": "Версия",
    "status": "Статус"
  },
  "auth": {
    "login_success": "Успешный вход",
    "login_failed": "Неверное имя пользователя или пароль",
    "logout_success": "Успешный выход",
    "unauthorized": "Неавторизован",
    "forbidden": "Запрещено",
    "token_expired": "Токен истек",
    "invalid_token": "Недействительный токен",
    "registration_success": "Регистрация прошла успешно",
    "user_already_exists": "Пользователь уже существует",
    "email_already_exists": "Email уже существует",
    "weak_password": "Слабый пароль",
    "password_changed": "Пароль изменен",
    "account_activated": "Аккаунт активирован",
    "account_deactivated": "Аккаунт деактивирован"
  },
  "user": {
    "profile_updated": "Профиль обновлен",
    "user_not_found": "Пользователь не найден",
    "user_created": "Пользователь создан",
    "user_deleted": "Пользователь удален",
    "moderator_created": "Модератор создан",
    "cannot_delete_self": "Нельзя удалить свой аккаунт",
    "admin_required": "Требуются права администратора",
    "moderator_required": "Требуются права модератора или администратора"
  },
  "content": {
    "news_created": "Новость создана",
    "news_updated": "Новость обновлена",
    "news_deleted": "Новость удалена",
    "news_not_found": "Новость не найдена",
    "announcement_created": "Объявление создано",
    "announcement_updated": "Объявление обновлено",
    "announcement_deleted": "Объявление удалено",
    "announcement_not_found": "Объявление не найдено",
    "content_published": "Контент опубликован",
    "content_unpublished": "Контент снят с публикации"
  },
  "regulations": {
    "law_created": "Закон создан",
    "law_updated": "Закон обновлен",
    "law_deleted": "Закон удален",
    "law_not_found": "Закон не найден",
    "standard_created": "Стандарт создан",
    "standard_updated": "Стандарт обновлен",
    "standard_deleted": "Стандарт удален",
    "standard_not_found": "Стандарт не найден",
    "regulation_created": "Регламент создан",
    "regulation_updated": "Регламент обновлен",
    "regulation_not_found": "Регламент не найден"
  },
  "institute": {
    "about_updated": "Информация об институте обновлена",
    "management_created": "Член руководства добавлен",
    "management_updated": "Информация о руководстве обновлена",
    "management_deleted": "Член руководства удален",
    "management_not_found": "Член руководства не найден",
    "division_created": "Подразделение создано",
    "division_updated": "Подразделение обновлено",
    "division_deleted": "Подразделение удалено",
    "division_not_found": "Подразделение не найдено",
    "vacancy_created": "Вакансия создана",
    "vacancy_updated": "Вакансия обновлена",
    "vacancy_deleted": "Вакансия удалена",
    "vacancy_not_found": "Вакансия не найдена"
  },
  "contact": {
    "message_sent": "Обращение отправлено",
    "message_read": "Обращение прочитано",
    "message_replied": "На обращение дан ответ",
    "contact_not_found": "Обращение не найдено",
    "contact_deleted": "Обращение удалено",
    "thank_you_message": "Спасибо за ваше обращение. Мы ответим вам в ближайшее время."
  },
  "file": {
    "upload_success": "Файл успешно загружен",
    "upload_failed": "Ошибка загрузки файла",
    "file_too_large": "Размер файла слишком большой",
    "invalid_file_type": "Недопустимый тип файла",
    "file_deleted": "Файл удален",
    "file_not_found": "Файл не найден",
    "image_uploaded": "Изображение загружено",
    "pdf_uploaded": "PDF документ загружен"
  },
  "validation": {
    "required_field": "Обязательное поле",
    "invalid_email": "Недействительный email адрес",
    "invalid_phone": "Недействительный номер телефона",
    "min_length": "Минимальная длина: {min} символов",
    "max_length": "Максимальная длина: {max} символов",
    "invalid_date": "Недействительная дата",
    "invalid_url": "Недействительный URL адрес"
  },
  "search": {
    "no_results": "Ничего не найдено",
    "results_found": "Найдено {count} результатов",
    "search_term_too_short": "Поисковый запрос слишком короткий",
    "searching": "Поиск..."
  },
  "pagination": {
    "page": "Страница",
    "of": "из",
    "previous": "Предыдущая",
    "next": "Следующая",
    "first": "Первая",
    "last": "Последняя",
    "showing": "Показано",
    "to": "до",
    "entries": "записей"
  },
  "common": {
    "save": "Сохранить",
    "cancel": "Отмена",
    "delete": "Удалить",
    "edit": "Редактировать",
    "view": "Просмотр",
    "create": "Создать",
    "update": "Обновить",
    "back": "Назад",
    "home": "Главная",
    "loading": "Загрузка...",
    "error": "Ошибка",
    "success": "Успех",
    "warning": "Предупреждение",
    "info": "Информация",
    "confirm": "Подтверждение",
    "yes": "Да",
    "no": "Нет",
    "active": "Активный",
    "inactive": "Неактивный",
    "published": "Опубликовано",
    "draft": "Черновик",
    "date": "Дата",
    "time": "Время",
    "title": "Заголовок",
    "description": "Описание",
    "content": "Контент",
    "name": "Имя",
    "email": "Email",
    "phone": "Телефон",
    "address": "Адрес",
    "status": "Статус",
    "type": "Тип",
    "category": "Категория",
    "language": "Язык",
    "file": "Файл",
    "image": "Изображение",
    "document": "Документ",
    "link": "Ссылка",
    "more": "Больше",
    "less": "Меньше",
    "all": "Все",
    "none": "Нет"
  },
  "menu": {
    "institute": "Институт",
    "normative_documents": "Нормативные документы",
    "activity": "Деятельность",
    "news": "Новости",
    "contact": "Контакты",
    "about": "Об институте",
    "management": "Руководство",
    "structure": "Организационная структура",
    "divisions": "Структурные подразделения",
    "vacancies": "Вакансии",
    "laws": "Законы, постановления и указы",
    "urban_norms": "Градостроительные нормы и правила",
    "standards": "Стандарты",
    "building_regulations": "Строительные регламенты",
    "smeta_norms": "Сметно-ресурсные нормы",
    "references": "Справочник",
    "management_system": "Орган сертификации систем менеджмента",
    "laboratory": "Лаборатория",
    "announcements": "Объявления",
    "anti_corruption": "Борьба с коррупцией"
  },
  "errors": {
    "internal_server_error": "Внутренняя ошибка сервера",
    "not_found": "Не найдено",
    "bad_request": "Неверный запрос",
    "unauthorized": "Неавторизован",
    "forbidden": "Запрещено",
    "method_not_allowed": "Метод не разрешен",
    "too_many_requests": "Слишком много запросов",
    "service_unavailable": "Сервис недоступен"
  }
}
