{
  "api": {
    "welcome": "TMSITI API'ga xush kelibsiz",
    "version": "Versiya",
    "status": "Holat"
  },
  "auth": {
    "login_success": "Muvaffaqiyatli kirildi",
    "login_failed": "Foydalanuvchi nomi yoki parol noto'g'ri",
    "logout_success": "Muvaffaqiyatli chiqildi",
    "unauthorized": "Ruxsat berilmagan",
    "forbidden": "Ta'qiqlangan",
    "token_expired": "Token muddati tugagan",
    "invalid_token": "Yaroqsiz token",
    "registration_success": "Ro'yxatdan o'tish muvaffaqiyatli",
    "user_already_exists": "Foydalanuvchi allaqachon mavjud",
    "email_already_exists": "Email allaqachon mavjud",
    "weak_password": "Parol juda zaif",
    "password_changed": "Parol o'zgartirildi",
    "account_activated": "Hisob faollashtirildi",
    "account_deactivated": "Hisob faolsizlantirildi"
  },
  "user": {
    "profile_updated": "Profil yangilandi",
    "user_not_found": "Foydalanuvchi topilmadi",
    "user_created": "Foydalanuvchi yaratildi",
    "user_deleted": "Foydalanuvchi o'chirildi",
    "moderator_created": "Moderator yaratildi",
    "cannot_delete_self": "O'z hisobingizni o'chira olmaysiz",
    "admin_required": "Admin huquqi talab qilinadi",
    "moderator_required": "Moderator yoki Admin huquqi talab qilinadi"
  },
  "content": {
    "news_created": "Yangilik yaratildi",
    "news_updated": "Yangilik yangilandi",
    "news_deleted": "Yangilik o'chirildi",
    "news_not_found": "Yangilik topilmadi",
    "announcement_created": "E'lon yaratildi",
    "announcement_updated": "E'lon yangilandi",
    "announcement_deleted": "E'lon o'chirildi",
    "announcement_not_found": "E'lon topilmadi",
    "content_published": "Kontent nashr qilindi",
    "content_unpublished": "Kontent nashrdan olib tashlandi"
  },
  "regulations": {
    "law_created": "Qonun yaratildi",
    "law_updated": "Qonun yangilandi",
    "law_deleted": "Qonun o'chirildi",
    "law_not_found": "Qonun topilmadi",
    "standard_created": "Standart yaratildi",
    "standard_updated": "Standart yangilandi",
    "standard_deleted": "Standart o'chirildi",
    "standard_not_found": "Standart topilmadi",
    "regulation_created": "Reglament yaratildi",
    "regulation_updated": "Reglament yangilandi",
    "regulation_not_found": "Reglament topilmadi"
  },
  "institute": {
    "about_updated": "Institut haqida ma'lumot yangilandi",
    "management_created": "Rahbariyat a'zosi qo'shildi",
    "management_updated": "Rahbariyat ma'lumotlari yangilandi",
    "management_deleted": "Rahbariyat a'zosi o'chirildi",
    "management_not_found": "Rahbariyat a'zosi topilmadi",
    "division_created": "Bo'linma yaratildi",
    "division_updated": "Bo'linma yangilandi",
    "division_deleted": "Bo'linma o'chirildi",
    "division_not_found": "Bo'linma topilmadi",
    "vacancy_created": "Vakansiya yaratildi",
    "vacancy_updated": "Vakansiya yangilandi",
    "vacancy_deleted": "Vakansiya o'chirildi",
    "vacancy_not_found": "Vakansiya topilmadi"
  },
  "contact": {
    "message_sent": "Murojaat yuborildi",
    "message_read": "Murojaat o'qildi",
    "message_replied": "Murojaatga javob berildi",
    "contact_not_found": "Murojaat topilmadi",
    "contact_deleted": "Murojaat o'chirildi",
    "thank_you_message": "Murojaatingiz uchun rahmat. Tez orada sizga javob beramiz."
  },
  "file": {
    "upload_success": "Fayl muvaffaqiyatli yuklandi",
    "upload_failed": "Fayl yuklashda xatolik",
    "file_too_large": "Fayl hajmi juda katta",
    "invalid_file_type": "Yaroqsiz fayl turi",
    "file_deleted": "Fayl o'chirildi",
    "file_not_found": "Fayl topilmadi",
    "image_uploaded": "Rasm yuklandi",
    "pdf_uploaded": "PDF hujjat yuklandi"
  },
  "validation": {
    "required_field": "Majburiy maydon",
    "invalid_email": "Yaroqsiz email manzil",
    "invalid_phone": "Yaroqsiz telefon raqam",
    "min_length": "Minimal uzunlik: {min} belgi",
    "max_length": "Maksimal uzunlik: {max} belgi",
    "invalid_date": "Yaroqsiz sana",
    "invalid_url": "Yaroqsiz URL manzil"
  },
  "search": {
    "no_results": "Hech narsa topilmadi",
    "results_found": "{count} ta natija topildi",
    "search_term_too_short": "Qidiruv so'zi juda qisqa",
    "searching": "Qidirilmoqda..."
  },
  "pagination": {
    "page": "Sahifa",
    "of": "dan",
    "previous": "Oldingi",
    "next": "Keyingi",
    "first": "Birinchi",
    "last": "Oxirgi",
    "showing": "Ko'rsatilmoqda",
    "to": "dan",
    "entries": "yozuv"
  },
  "common": {
    "save": "Saqlash",
    "cancel": "Bekor qilish",
    "delete": "O'chirish",
    "edit": "Tahrirlash",
    "view": "Ko'rish",
    "create": "Yaratish",
    "update": "Yangilash",
    "back": "Orqaga",
    "home": "Bosh sahifa",
    "loading": "Yuklanmoqda...",
    "error": "Xatolik",
    "success": "Muvaffaqiyat",
    "warning": "Ogohlantirish",
    "info": "Ma'lumot",
    "confirm": "Tasdiqlash",
    "yes": "Ha",
    "no": "Yo'q",
    "active": "Faol",
    "inactive": "Faol emas",
    "published": "Nashr qilingan",
    "draft": "Qoralama",
    "date": "Sana",
    "time": "Vaqt",
    "title": "Sarlavha",
    "description": "Tavsif",
    "content": "Kontent",
    "name": "Ism",
    "email": "Email",
    "phone": "Telefon",
    "address": "Manzil",
    "status": "Holat",
    "type": "Tur",
    "category": "Kategoriya",
    "language": "Til",
    "file": "Fayl",
    "image": "Rasm",
    "document": "Hujjat",
    "link": "Havola",
    "more": "Ko'proq",
    "less": "Kamroq",
    "all": "Barchasi",
    "none": "Hech qanday"
  },
  "menu": {
    "institute": "Institut",
    "normative_documents": "Me'yoriy hujjatlar",
    "activity": "Faoliyat",
    "news": "Xabarlar",
    "contact": "Bog'lanish",
    "about": "Institut haqida",
    "management": "Rahbariyat",
    "structure": "Tashkiliy tuzilma",
    "divisions": "Tarkibiy bo'linmalar",
    "vacancies": "Vakansiyalar",
    "laws": "Qonun, qaror va farmonlar",
    "urban_norms": "Shaharsozlik normalari va qoidalari",
    "standards": "Standartlar",
    "building_regulations": "Qurilish reglamentlari",
    "smeta_norms": "Smeta-resurs normalari",
    "references": "Ma'lumotnoma",
    "management_system": "Menejment tizimlarini sertifikatlashtirish organi",
    "laboratory": "Laboratoriya",
    "announcements": "E'lonlar",
    "anti_corruption": "Korrupsiyaga qarshi kurashish"
  },
  "errors": {
    "internal_server_error": "Ichki server xatoligi",
    "not_found": "Topilmadi",
    "bad_request": "Noto'g'ri so'rov",
    "unauthorized": "Ruxsat berilmagan",
    "forbidden": "Ta'qiqlangan",
    "method_not_allowed": "Usul ruxsat etilmagan",
    "too_many_requests": "Juda ko'p so'rovlar",
    "service_unavailable": "Xizmat mavjud emas"
  }
}
